index,grid_x,grid_y,world_x,world_y,yaw
0,90.000000,171.000000,0.670000,-0.040000,1.223678
1,90.212134,171.586383,0.680607,-0.010681,1.754220
2,90.111703,172.127764,0.675585,0.016388,1.742144
3,90.017857,172.670089,0.670893,0.043504,1.730288
4,89.930471,173.213339,0.666524,0.070667,1.718655
5,89.849420,173.757497,0.662471,0.097875,1.707249
6,89.774582,174.302544,0.658729,0.125127,1.696073
7,89.705831,174.848464,0.655292,0.152423,1.685129
8,89.643043,175.395236,0.652152,0.179762,1.674420
9,89.586094,175.942844,0.649305,0.207142,1.663947
10,89.534859,176.491269,0.646743,0.234563,1.653713
11,89.489215,177.040494,0.644461,0.262025,1.643718
12,89.449036,177.590500,0.642452,0.289525,1.633963
13,89.414200,178.141270,0.640710,0.317063,1.624450
14,89.384581,178.692784,0.639229,0.344639,1.615179
15,89.360055,179.245026,0.638003,0.372251,1.606150
16,89.340498,179.797976,0.637025,0.399899,1.597364
17,89.325785,180.351618,0.636289,0.427581,1.588820
18,89.315793,180.905933,0.635790,0.455297,1.580519
19,89.310398,181.460903,0.635520,0.483045,1.572459
20,89.309474,182.016509,0.635474,0.510825,1.564641
21,89.312897,182.572735,0.635645,0.538637,1.557064
22,89.320544,183.129561,0.636027,0.566478,1.549727
23,89.332290,183.686970,0.636615,0.594348,1.542629
24,89.348011,184.244944,0.637401,0.622247,1.535769
25,89.367582,184.803464,0.638379,0.650173,1.529147
26,89.390880,185.362513,0.639544,0.678126,1.522761
27,89.417779,185.922072,0.640889,0.706104,1.516610
28,89.448156,186.482124,0.642408,0.734106,1.510692
29,89.481887,187.042651,0.644094,0.762133,1.505008
30,89.518847,187.603633,0.645942,0.790182,1.499554
31,89.558911,188.165054,0.647946,0.818253,1.494331
32,89.601956,188.726896,0.650098,0.846345,1.489337
33,89.647858,189.289140,0.652393,0.874457,1.484571
34,89.696492,189.851767,0.654825,0.902588,1.480030
35,89.747733,190.414761,0.657387,0.930738,1.475716
36,89.801458,190.978104,0.660073,0.958905,1.471625
37,89.857542,191.541776,0.662877,0.987089,1.467757
38,89.915861,192.105760,0.665793,1.015288,1.464111
39,89.976291,192.670038,0.668815,1.043502,1.460685
40,90.038708,193.234592,0.671935,1.071730,1.457479
41,90.102986,193.799404,0.675149,1.099970,1.454491
42,90.169003,194.364455,0.678450,1.128223,1.451721
43,90.236633,194.929729,0.681832,1.156486,1.449168
44,90.305752,195.495206,0.685288,1.184760,1.446830
45,90.376237,196.060869,0.688812,1.213043,1.444708
46,90.447962,196.626699,0.692398,1.241335,1.442799
47,90.520804,197.192679,0.696040,1.269634,1.441105
48,90.594638,197.758790,0.699732,1.297940,1.439624
49,90.669341,198.325015,0.703467,1.326251,1.438355
50,90.744786,198.891335,0.707239,1.354567,1.437298
51,90.820852,199.457733,0.711043,1.382887,1.436453
52,90.897413,200.024189,0.714871,1.411209,1.435820
53,90.974344,200.590687,0.718717,1.439534,1.435398
54,91.051522,201.157209,0.722576,1.467860,1.435187
55,91.128823,201.723735,0.726441,1.496187,1.435187
56,91.206122,202.290249,0.730306,1.524512,1.435399
57,91.283294,202.856731,0.734165,1.552837,1.435821
58,91.360217,203.423165,0.738011,1.581158,1.436455
59,91.436764,203.989531,0.741838,1.609477,1.437300
60,91.512813,204.555813,0.745641,1.637791,1.438358
61,91.588238,205.121991,0.749412,1.666100,1.439627
62,91.662916,205.688048,0.753146,1.694402,1.441110
63,91.736722,206.253966,0.756836,1.722698,1.442806
64,91.809532,206.819726,0.760477,1.750986,1.444715
65,91.881222,207.385311,0.764061,1.779266,1.446840
66,91.951667,207.950703,0.767583,1.807535,1.449180
67,92.020743,208.515883,0.771037,1.835794,1.451735
68,92.088326,209.080834,0.774416,1.864042,1.454508
69,92.154292,209.645537,0.777715,1.892277,1.457499
70,92.218516,210.209974,0.780926,1.920499,1.460709
71,92.280874,210.774128,0.784044,1.948706,1.464139
72,92.341242,211.337980,0.787062,1.976899,1.467790
73,92.399496,211.901513,0.789975,2.005076,1.471663
74,92.455510,212.464708,0.792776,2.033235,1.475760
75,92.509162,213.027546,0.795458,2.061377,1.480081
76,92.560327,213.590011,0.798016,2.089501,1.484628
77,92.608880,214.152084,0.800444,2.117604,1.489403
78,92.654697,214.713747,0.802735,2.145687,1.494405
79,92.697654,215.274982,0.804883,2.173749,1.499637
80,92.737626,215.835771,0.806881,2.201789,1.505101
81,92.774490,216.396095,0.808725,2.229805,1.510796
82,92.808121,216.955937,0.810406,2.257797,1.516725
83,92.838395,217.515280,0.811920,2.285764,1.522889
84,92.865188,218.074103,0.813259,2.313705,1.529288
85,92.888374,218.632391,0.814419,2.341620,1.535925
86,92.907831,219.190124,0.815392,2.369506,1.542800
87,92.923434,219.747284,0.816172,2.397364,1.549914
88,92.935058,220.303855,0.816753,2.425193,1.557269
89,92.942579,220.859816,0.817129,2.452991,1.564865
90,92.945873,221.415151,0.817294,2.480758,1.572702
91,92.944816,221.969841,0.817241,2.508492,1.580783
92,92.939283,222.523869,0.816964,2.536193,1.589106
93,92.929150,223.077216,0.816458,2.563861,1.597673
94,92.914293,223.629864,0.815715,2.591493,1.606484
95,92.894588,224.181795,0.814729,2.619090,1.615538
96,92.869910,224.732991,0.813496,2.646650,1.624836
97,92.840135,225.283434,0.812007,2.674172,1.634378
98,92.805139,225.833106,0.810257,2.701655,1.644162
99,92.764797,226.381990,0.808240,2.729099,1.654188
100,92.718986,226.930066,0.805949,2.756503,1.664456
101,92.667580,227.477317,0.803379,2.783866,1.674962
102,92.610457,228.023724,0.800523,2.811186,1.685707
103,92.547490,228.569271,0.797375,2.838464,1.696687
104,92.478557,229.113938,0.793928,2.865697,1.707901
105,92.403533,229.657708,0.790177,2.892885,1.719347
106,92.322293,230.200562,0.786115,2.920028,1.731020
107,92.234714,230.742483,0.781736,2.947124,1.742918
108,92.140670,231.283452,0.777034,2.974173,1.755038
109,92.040039,231.823452,0.772002,3.001173,1.767374
110,91.932695,232.362465,0.766635,3.028123,1.779923
111,91.818514,232.900471,0.760926,3.055024,1.792679
112,91.697372,233.437454,0.754869,3.081873,1.805638
113,91.569145,233.973395,0.748457,3.108670,1.818777
114,91.433718,234.508274,0.741686,3.135414,1.831899
115,91.291096,235.042036,0.734555,3.162102,1.844876
116,91.141361,235.574608,0.727068,3.188730,1.857708
117,90.984598,236.105912,0.719230,3.215296,1.870399
118,90.820892,236.635873,0.711045,3.241794,1.882952
119,90.650328,237.164415,0.702516,3.268221,1.895369
120,90.472991,237.691463,0.693650,3.294573,1.907655
121,90.288966,238.216941,0.684448,3.320847,1.919812
122,90.098336,238.740772,0.674917,3.347039,1.931844
123,89.901187,239.262882,0.665059,3.373144,1.943755
124,89.697605,239.783194,0.654880,3.399160,1.955547
125,89.487672,240.301633,0.644384,3.425082,1.967225
126,89.271475,240.818122,0.633574,3.450906,1.978791
127,89.049098,241.332586,0.622455,3.476629,1.990251
128,88.820626,241.844949,0.611031,3.502247,2.001606
129,88.586143,242.355136,0.599307,3.527757,2.012861
130,88.345735,242.863071,0.587287,3.553154,2.024020
131,88.099486,243.368677,0.574974,3.578434,2.035086
132,87.847481,243.871879,0.562374,3.603594,2.046063
133,87.589804,244.372602,0.549490,3.628630,2.056955
134,87.326541,244.870769,0.536327,3.653538,2.067764
135,87.057776,245.366305,0.522889,3.678315,2.078497
136,86.783595,245.859133,0.509180,3.702957,2.089154
137,86.504080,246.349179,0.495204,3.727459,2.099742
138,86.219319,246.836366,0.480966,3.751818,2.110263
139,85.929395,247.320619,0.466470,3.776031,2.120721
140,85.634393,247.801861,0.451720,3.800093,2.131120
141,85.334397,248.280017,0.436720,3.824001,2.141463
142,85.029494,248.755012,0.421475,3.847751,2.151755
143,84.719766,249.226769,0.405988,3.871338,2.162000
144,84.405300,249.695212,0.390265,3.894761,2.172200
145,84.086180,250.160267,0.374309,3.918013,2.182361
146,83.762491,250.621856,0.358125,3.941093,2.192485
147,83.434317,251.079905,0.341716,3.963995,2.202576
148,83.101743,251.534337,0.325087,3.986717,2.212640
149,82.764854,251.985076,0.308243,4.009254,2.222678
150,82.423735,252.432048,0.291187,4.031602,2.232696
151,82.078471,252.875176,0.273924,4.053759,2.242697
152,81.729146,253.314384,0.256457,4.075719,2.252685
153,81.375845,253.749596,0.238792,4.097480,2.262663
154,81.018653,254.180738,0.220933,4.119037,2.272637
155,80.657655,254.607732,0.202883,4.140387,2.282610
156,80.292935,255.030503,0.184647,4.161525,2.292587
157,79.924578,255.448976,0.166229,4.182449,2.302570
158,79.552670,255.863075,0.147633,4.203154,2.312565
159,79.177294,256.272723,0.128865,4.223636,2.322575
160,78.798535,256.677845,0.109927,4.243892,2.332605
161,78.416479,257.078366,0.090824,4.263918,2.342658
162,78.031210,257.474209,0.071561,4.283710,2.352740
163,77.642813,257.865298,0.052141,4.303265,2.362855
164,77.251372,258.251559,0.032569,4.322578,2.373007
165,76.856973,258.632914,0.012849,4.341646,2.383200
166,76.459700,259.009289,-0.007015,4.360464,2.393440
167,76.059638,259.380608,-0.027018,4.379030,2.403730
168,75.656872,259.746794,-0.047156,4.397340,2.414076
169,75.251486,260.107772,-0.067426,4.415389,2.424482
170,74.843565,260.463466,-0.087822,4.433173,2.434953
171,74.433194,260.813801,-0.108340,4.450690,2.445494
172,74.020458,261.158700,-0.128977,4.467935,2.456110
173,73.605442,261.498088,-0.149728,4.484904,2.466806
174,73.188230,261.831889,-0.170589,4.501594,2.477587
175,72.768907,262.160028,-0.191555,4.518001,2.488459
176,72.347558,262.482427,-0.212622,4.534121,2.499427
177,71.924267,262.799013,-0.233787,4.549951,2.510497
178,71.499120,263.109708,-0.255044,4.565485,2.521673
179,71.072201,263.414437,-0.276390,4.580722,2.532963
180,70.643595,263.713125,-0.297820,4.595656,2.544371
181,70.213387,264.005695,-0.319331,4.610285,2.555903
182,69.781662,264.292072,-0.340917,4.624604,2.567566
183,69.348503,264.572180,-0.362575,4.638609,2.579366
184,68.913997,264.845943,-0.384300,4.652297,2.591310
185,68.478227,265.113285,-0.406089,4.665664,2.603402
186,68.041279,265.374131,-0.427936,4.678707,2.615651
187,67.603238,265.628405,-0.449838,4.691420,2.628062
188,67.164187,265.876031,-0.471791,4.703802,2.640643
189,66.724213,266.116933,-0.493789,4.715847,2.653400
190,66.283399,266.351035,-0.515830,4.727552,2.666341
191,65.841831,266.578262,-0.537908,4.738913,2.679472
192,65.399592,266.798538,-0.560020,4.749927,2.692800
193,64.956769,267.011787,-0.582162,4.760589,2.706333
194,64.513446,267.217933,-0.604328,4.770897,2.720079
195,64.069707,267.416901,-0.626515,4.780845,2.734044
196,63.625637,267.608614,-0.648718,4.790431,2.748237
197,63.181322,267.792998,-0.670934,4.799650,2.762664
198,62.736845,267.969975,-0.693158,4.808499,2.777334
199,62.292292,268.139471,-0.715385,4.816974,2.792254
200,61.847748,268.301410,-0.737613,4.825070,2.807431
201,61.403296,268.455715,-0.759835,4.832786,2.822873
202,60.959023,268.602311,-0.782049,4.840116,2.838589
203,60.515012,268.741123,-0.804249,4.847056,2.854584
204,60.071349,268.872074,-0.826433,4.853604,2.870866
205,59.628118,268.995088,-0.848594,4.859754,2.887443
206,59.185404,269.110091,-0.870730,4.865505,2.904321
207,58.743291,269.217005,-0.892835,4.870850,2.921508
208,58.301866,269.315756,-0.914907,4.875788,2.939008
209,57.861211,269.406267,-0.936939,4.880313,2.956829
210,57.421413,269.488463,-0.958929,4.884423,2.974977
211,56.982556,269.562268,-0.980872,4.888113,2.993455
212,56.544724,269.627606,-1.002764,4.891380,3.012269
213,56.108003,269.684401,-1.024600,4.894220,3.031423
214,55.672477,269.732578,-1.046376,4.896629,3.050920
215,55.238231,269.772061,-1.068088,4.898603,3.070762
216,54.805350,269.802774,-1.089733,4.900139,3.090951
217,54.373918,269.824641,-1.111304,4.901232,3.111489
218,53.944021,269.837586,-1.132799,4.901879,3.132375
219,53.515742,269.841534,-1.154213,4.902077,-3.129578
220,53.089168,269.836409,-1.175542,4.901820,-3.108002
221,52.664382,269.822135,-1.196781,4.901107,-3.086085
222,52.241469,269.798636,-1.217927,4.899932,-3.063833
223,51.820515,269.765836,-1.238974,4.898292,-3.041252
224,51.401603,269.723661,-1.259920,4.896183,-3.018349
225,50.984819,269.672033,-1.280759,4.893602,-2.995134
226,50.570248,269.610877,-1.301488,4.890544,-2.971617
227,50.157974,269.540118,-1.322101,4.887006,-2.947811
228,49.748082,269.459679,-1.342596,4.882984,-2.923731
229,49.340656,269.369485,-1.362967,4.878474,-2.899390
230,48.935783,269.269460,-1.383211,4.873473,-2.874807
231,48.533545,269.159528,-1.403323,4.867976,-2.849999
232,48.134029,269.039614,-1.423299,4.861981,-2.824987
233,47.737318,268.909641,-1.443134,4.855482,-2.799792
234,47.343499,268.769534,-1.462825,4.848477,-2.774436
235,46.952654,268.619217,-1.482367,4.840961,-2.748944
236,46.564870,268.458615,-1.501757,4.832931,-2.723339
237,46.180231,268.287651,-1.520988,4.824383,-2.697648
238,45.798821,268.106249,-1.540059,4.815312,-2.671897
239,45.420726,267.914335,-1.558964,4.805717,-2.646113
240,45.046030,267.711831,-1.577698,4.795592,-2.620323
241,44.674819,267.498663,-1.596259,4.784933,-2.594554
242,44.307176,267.274755,-1.614641,4.773738,-2.568834
243,43.943186,267.040030,-1.632841,4.762001,-2.543190
244,43.582935,266.794413,-1.650853,4.749721,-2.517650
245,43.226508,266.537828,-1.668675,4.736891,-2.492238
246,42.873988,266.270200,-1.686301,4.723510,-2.466981
247,42.525460,265.991452,-1.703727,4.709573,-2.441913
248,42.181009,265.701514,-1.720950,4.695076,-2.417314
249,41.840680,265.400436,-1.737966,4.680022,-2.393490
250,41.504472,265.088416,-1.754776,4.664421,-2.370441
251,41.172385,264.765658,-1.771381,4.648283,-2.348149
252,40.844416,264.432368,-1.787779,4.631618,-2.326593
253,40.520562,264.088751,-1.803972,4.614438,-2.305753
254,40.200823,263.735012,-1.819959,4.596751,-2.285606
255,39.885196,263.371355,-1.835740,4.578568,-2.266129
256,39.573679,262.997986,-1.851316,4.559899,-2.247299
257,39.266271,262.615110,-1.866686,4.540755,-2.229092
258,38.962968,262.222931,-1.881852,4.521147,-2.211486
259,38.663770,261.821655,-1.896812,4.501083,-2.194457
260,38.368674,261.411486,-1.911566,4.480574,-2.177983
261,38.077678,260.992630,-1.926116,4.459632,-2.162040
262,37.790781,260.565292,-1.940461,4.438265,-2.146608
263,37.507980,260.129676,-1.954601,4.416484,-2.131664
264,37.229273,259.685988,-1.968536,4.394299,-2.117188
265,36.954659,259.234433,-1.982267,4.371722,-2.103160
266,36.684135,258.775215,-1.995793,4.348761,-2.089561
267,36.417699,258.308539,-2.009115,4.325427,-2.076371
268,36.155350,257.834611,-2.022233,4.301731,-2.063573
269,35.897085,257.353636,-2.035146,4.277682,-2.051149
270,35.642903,256.865818,-2.047855,4.253291,-2.039083
271,35.392801,256.371363,-2.060360,4.228568,-2.027358
272,35.146778,255.870475,-2.072661,4.203524,-2.015960
273,34.904832,255.363360,-2.084758,4.178168,-2.004872
274,34.666959,254.850223,-2.096652,4.152511,-1.994082
275,34.433160,254.331267,-2.108342,4.126563,-1.983575
276,34.203431,253.806700,-2.119828,4.100335,-1.973339
277,33.977771,253.276724,-2.131111,4.073836,-1.963361
278,33.756177,252.741546,-2.142191,4.047077,-1.953629
279,33.538648,252.201371,-2.153068,4.020069,-1.944131
280,33.325182,251.656403,-2.163741,3.992820,-1.934856
281,33.115777,251.106848,-2.174211,3.965342,-1.925795
282,32.910430,250.552910,-2.184478,3.937645,-1.916936
283,32.709140,249.994794,-2.194543,3.909740,-1.908270
284,32.511905,249.432706,-2.204405,3.881635,-1.899788
285,32.318723,248.866850,-2.214064,3.853343,-1.891480
286,32.129591,248.297432,-2.223520,3.824872,-1.883338
287,31.944508,247.724656,-2.232775,3.796233,-1.875354
288,31.763473,247.148727,-2.241826,3.767436,-1.867519
289,31.586482,246.569851,-2.250676,3.738493,-1.859826
290,31.413534,245.988232,-2.259323,3.709412,-1.852267
291,31.244627,245.404075,-2.267769,3.680204,-1.844834
292,31.079759,244.817586,-2.276012,3.650879,-1.837521
293,30.918928,244.228969,-2.284054,3.621448,-1.830321
294,30.762132,243.638430,-2.291893,3.591921,-1.823228
295,30.609369,243.046172,-2.299532,3.562309,-1.816234
296,30.460637,242.452403,-2.306968,3.532620,-1.809333
297,30.315934,241.857325,-2.314203,3.502866,-1.802519
298,30.175258,241.261145,-2.321237,3.473057,-1.795787
299,30.038608,240.664066,-2.328070,3.443203,-1.789130
300,29.905980,240.066296,-2.334701,3.413315,-1.782542
301,29.777374,239.468037,-2.341131,3.383402,-1.776017
302,29.652787,238.869496,-2.347361,3.353475,-1.769550
303,29.532217,238.270877,-2.353389,3.323544,-1.763136
304,29.415663,237.672385,-2.359217,3.293619,-1.756768
305,29.303121,237.074225,-2.364844,3.263711,-1.750442
306,29.194591,236.476603,-2.370270,3.233830,-1.744150
307,29.090070,235.879723,-2.375496,3.203986,-1.737889
308,28.989557,235.283790,-2.380522,3.174189,-1.731653
309,28.893049,234.689009,-2.385348,3.144450,-1.725435
310,28.800544,234.095586,-2.389973,3.114779,-1.719230
311,28.712041,233.503724,-2.394398,3.085186,-1.713033
312,28.627537,232.913630,-2.398623,3.055681,-1.706838
313,28.547030,232.325505,-2.402648,3.026275,-1.700636
314,28.470507,231.739452,-2.406475,2.996973,-1.694422
315,28.397939,231.155451,-2.410103,2.967773,-1.688198
316,28.329298,230.573471,-2.413535,2.938674,-1.681965
317,28.264555,229.993485,-2.416772,2.909674,-1.675724
318,28.203681,229.415463,-2.419816,2.880773,-1.669477
319,28.146647,228.839376,-2.422668,2.851969,-1.663225
320,28.093425,228.265195,-2.425329,2.823260,-1.656969
321,28.043985,227.692892,-2.427801,2.794645,-1.650712
322,27.998300,227.122437,-2.430085,2.766122,-1.644454
323,27.956339,226.553802,-2.432183,2.737690,-1.638198
324,27.918075,225.986958,-2.434096,2.709348,-1.631944
325,27.883479,225.421875,-2.435826,2.681094,-1.625694
326,27.852521,224.858525,-2.437374,2.652926,-1.619450
327,27.825173,224.296878,-2.438741,2.624844,-1.613214
328,27.801406,223.736907,-2.439930,2.596845,-1.606986
329,27.781192,223.178581,-2.440940,2.568929,-1.600769
330,27.764501,222.621872,-2.441775,2.541094,-1.594563
331,27.751305,222.066752,-2.442435,2.513338,-1.588372
332,27.741575,221.513190,-2.442921,2.485659,-1.582196
333,27.735282,220.961158,-2.443236,2.458058,-1.576036
334,27.732397,220.410628,-2.443380,2.430531,-1.569895
335,27.732892,219.861570,-2.443355,2.403078,-1.563774
336,27.736737,219.313955,-2.443163,2.375698,-1.557675
337,27.743905,218.767755,-2.442805,2.348388,-1.551598
338,27.754365,218.222940,-2.442282,2.321147,-1.545547
339,27.768090,217.679481,-2.441595,2.293974,-1.539522
340,27.785051,217.137350,-2.440747,2.266868,-1.533524
341,27.805218,216.596518,-2.439739,2.239826,-1.527556
342,27.828564,216.056955,-2.438572,2.212848,-1.521619
343,27.855058,215.518633,-2.437247,2.185932,-1.515715
344,27.884673,214.981523,-2.435766,2.159076,-1.509844
345,27.917379,214.445596,-2.434131,2.132280,-1.504009
346,27.953148,213.910823,-2.432343,2.105541,-1.498211
347,27.991951,213.377174,-2.430402,2.078859,-1.492452
348,28.033759,212.844622,-2.428312,2.052231,-1.486732
349,28.078543,212.313136,-2.426073,2.025657,-1.481054
350,28.126275,211.782689,-2.423686,1.999134,-1.475418
351,28.176926,211.253251,-2.421154,1.972663,-1.469826
352,28.230467,210.724794,-2.418477,1.946240,-1.464279
353,28.286869,210.197287,-2.415657,1.919864,-1.458779
354,28.346103,209.670704,-2.412695,1.893535,-1.453328
355,28.408141,209.145013,-2.409593,1.867251,-1.447925
356,28.472953,208.620187,-2.406352,1.841009,-1.442573
357,28.540512,208.096197,-2.402974,1.814810,-1.437272
358,28.610788,207.573013,-2.399461,1.788651,-1.432025
359,28.683752,207.050607,-2.395812,1.762530,-1.426831
360,28.759375,206.528950,-2.392031,1.736447,-1.421693
361,28.837630,206.008012,-2.388119,1.710401,-1.416611
362,28.918486,205.487766,-2.384076,1.684388,-1.411586
363,29.001915,204.968181,-2.379904,1.658409,-1.406619
364,29.087889,204.449229,-2.375606,1.632461,-1.401712
365,29.176379,203.930882,-2.371181,1.606544,-1.396865
366,29.267355,203.413109,-2.366632,1.580655,-1.392079
367,29.360789,202.895883,-2.361961,1.554794,-1.387355
368,29.456652,202.379174,-2.357167,1.528959,-1.382695
369,29.554915,201.862954,-2.352254,1.503148,-1.378109
370,29.655542,201.347207,-2.347223,1.477360,-1.373602
371,29.758491,200.831925,-2.342075,1.451596,-1.369175
372,29.863720,200.317099,-2.336814,1.425855,-1.364829
373,29.971189,199.802723,-2.331441,1.400136,-1.360563
374,30.080855,199.288787,-2.325957,1.374439,-1.356378
375,30.192679,198.775285,-2.320366,1.348764,-1.352274
376,30.306617,198.262207,-2.314669,1.323110,-1.348250
377,30.422630,197.749546,-2.308869,1.297477,-1.344307
378,30.540674,197.237293,-2.302966,1.271865,-1.340446
379,30.660710,196.725442,-2.296964,1.246272,-1.336665
380,30.782696,196.213984,-2.290865,1.220699,-1.332965
381,30.906590,195.702910,-2.284670,1.195146,-1.329347
382,31.032351,195.192214,-2.278382,1.169611,-1.325809
383,31.159938,194.681886,-2.272003,1.144094,-1.322353
384,31.289308,194.171920,-2.265535,1.118596,-1.318978
385,31.420422,193.662306,-2.258979,1.093115,-1.315683
386,31.553237,193.153037,-2.252338,1.067652,-1.312470
387,31.687712,192.644105,-2.245614,1.042205,-1.309338
388,31.823806,192.135502,-2.238810,1.016775,-1.306287
389,31.961477,191.627221,-2.231926,0.991361,-1.303317
390,32.100683,191.119252,-2.224966,0.965963,-1.300428
391,32.241385,190.611588,-2.217931,0.940579,-1.297620
392,32.383540,190.104221,-2.210823,0.915211,-1.294892
393,32.527106,189.597143,-2.203645,0.889857,-1.292245
394,32.672043,189.090347,-2.196398,0.864517,-1.289679
395,32.818309,188.583823,-2.189085,0.839191,-1.287194
396,32.965862,188.077564,-2.181707,0.813878,-1.284789
397,33.114662,187.571563,-2.174267,0.788578,-1.282464
398,33.264667,187.065810,-2.166767,0.763291,-1.280220
399,33.415835,186.560299,-2.159208,0.738015,-1.278057
400,33.568125,186.055021,-2.151594,0.712751,-1.275973
401,33.721497,185.549967,-2.143925,0.687498,-1.273970
402,33.875907,185.045131,-2.136205,0.662257,-1.272046
403,34.031316,184.540505,-2.128434,0.637025,-1.270203
404,34.187681,184.036079,-2.120616,0.611804,-1.268440
405,34.344961,183.531846,-2.112752,0.586592,-1.266756
406,34.503115,183.027799,-2.104844,0.561390,-1.265152
407,34.662102,182.523928,-2.096895,0.536196,-1.263628
408,34.821880,182.020227,-2.088906,0.511011,-1.262184
409,34.982407,181.516687,-2.080880,0.485834,-1.260819
410,35.143643,181.013301,-2.072818,0.460665,-1.259534
411,35.305546,180.510059,-2.064723,0.435503,-1.258328
412,35.468075,180.006955,-2.056596,0.410348,-1.257201
413,35.631187,179.503980,-2.048441,0.385199,-1.256154
414,35.794843,179.001126,-2.040258,0.360056,-1.255186
415,35.959000,178.498385,-2.032050,0.334919,-1.254298
416,36.123617,177.995750,-2.023819,0.309788,-1.253488
417,36.288653,177.493212,-2.015567,0.284661,-1.252758
418,36.454066,176.990763,-2.007297,0.259538,-1.252107
419,36.619815,176.488396,-1.999009,0.234420,-1.251534
420,36.785858,175.986102,-1.990707,0.209305,-1.251041
421,36.952155,175.483873,-1.982392,0.184194,-1.250627
422,37.118664,174.981701,-1.974067,0.159085,-1.250292
423,37.285343,174.479579,-1.965733,0.133979,-1.250036
424,37.452151,173.977498,-1.957392,0.108875,-1.249859
425,37.619047,173.475451,-1.949048,0.083773,-1.249761
426,37.785989,172.973429,-1.940701,0.058671,-1.249741
427,37.952936,172.471424,-1.932353,0.033571,-1.249801
428,38.119846,171.969428,-1.924008,0.008471,-1.249940
429,38.286679,171.467434,-1.915666,-0.016628,-1.250158
430,38.453392,170.965434,-1.907330,-0.041728,-1.250455
431,38.619945,170.463419,-1.899003,-0.066829,-1.250831
432,38.786296,169.961381,-1.890685,-0.091931,-1.251286
433,38.952403,169.459313,-1.882380,-0.117034,-1.251820
434,39.118226,168.957206,-1.874089,-0.142140,-1.252433
435,39.283723,168.455052,-1.865814,-0.167247,-1.253126
436,39.448852,167.952844,-1.857557,-0.192358,-1.253897
437,39.613572,167.450574,-1.849321,-0.217471,-1.254748
438,39.777842,166.948233,-1.841108,-0.242588,-1.255679
439,39.941621,166.445813,-1.832919,-0.267709,-1.256689
440,40.104866,165.943307,-1.824757,-0.292835,-1.257778
441,40.267537,165.440707,-1.816623,-0.317965,-1.258947
442,40.429592,164.938004,-1.808520,-0.343100,-1.260196
443,40.590990,164.435190,-1.800450,-0.368240,-1.261524
444,40.751690,163.932258,-1.792416,-0.393387,-1.262932
445,40.911650,163.429200,-1.784418,-0.418540,-1.264420
446,41.070828,162.926007,-1.776459,-0.443700,-1.265988
447,41.229184,162.422672,-1.768541,-0.468866,-1.267636
448,41.386675,161.919186,-1.760666,-0.494041,-1.269364
449,41.543262,161.415542,-1.752837,-0.519223,-1.271172
450,41.698901,160.911732,-1.745055,-0.544413,-1.273061
451,41.853552,160.407747,-1.737322,-0.569613,-1.275030
452,42.007174,159.903580,-1.729641,-0.594821,-1.277079
453,42.159725,159.399222,-1.722014,-0.620039,-1.279209
454,42.311163,158.894666,-1.714442,-0.645267,-1.281420
455,42.461448,158.389904,-1.706928,-0.670505,-1.283711
456,42.610538,157.884927,-1.699473,-0.695754,-1.286084
457,42.758391,157.379728,-1.692080,-0.721014,-1.288537
458,42.904967,156.874299,-1.684752,-0.746285,-1.291071
459,43.050223,156.368631,-1.677489,-0.771568,-1.293687
460,43.194119,155.862718,-1.670294,-0.796864,-1.296384
461,43.336613,155.356549,-1.663169,-0.822173,-1.299162
462,43.477663,154.850119,-1.656117,-0.847494,-1.302021
463,43.617229,154.343418,-1.649139,-0.872829,-1.304962
464,43.755268,153.836439,-1.642237,-0.898178,-1.307984
465,43.891741,153.329174,-1.635413,-0.923541,-1.311088
466,44.026604,152.821615,-1.628670,-0.948919,-1.314273
467,44.159817,152.313753,-1.622009,-0.974312,-1.317541
468,44.291338,151.805581,-1.615433,-0.999721,-1.320889
469,44.421127,151.297091,-1.608944,-1.025145,-1.324320
470,44.549141,150.788275,-1.602543,-1.050586,-1.327832
471,44.675339,150.279124,-1.596233,-1.076044,-1.331426
472,44.799680,149.769632,-1.590016,-1.101518,-1.335102
473,44.922123,149.259789,-1.583894,-1.127011,-1.338860
474,45.042626,148.749588,-1.577869,-1.152521,-1.342699
475,45.161148,148.239021,-1.571943,-1.178049,-1.346620
476,45.277647,147.728079,-1.566118,-1.203596,-1.350623
477,45.392081,147.216756,-1.560396,-1.229162,-1.354707
478,45.504411,146.705043,-1.554779,-1.254748,-1.358873
479,45.614594,146.192931,-1.549270,-1.280353,-1.363120
480,45.722588,145.680413,-1.543871,-1.305979,-1.367449
481,45.828353,145.167481,-1.538582,-1.331626,-1.371859
482,45.931848,144.654128,-1.533408,-1.357294,-1.376350
483,46.033029,144.140344,-1.528349,-1.382983,-1.380922
484,46.131858,143.626122,-1.523407,-1.408694,-1.385574
485,46.228291,143.111454,-1.518585,-1.434427,-1.390307
486,46.322288,142.596332,-1.513886,-1.460183,-1.395121
487,46.413806,142.080748,-1.509310,-1.485963,-1.400014
488,46.502806,141.564693,-1.504860,-1.511765,-1.404988
489,46.589245,141.048161,-1.500538,-1.537592,-1.410040
490,46.673083,140.531143,-1.496346,-1.563443,-1.415172
491,46.754277,140.013631,-1.492286,-1.589318,-1.420383
492,46.832786,139.495617,-1.488361,-1.615219,-1.425671
493,46.908569,138.977093,-1.484572,-1.641145,-1.431005
494,46.981601,138.458063,-1.480920,-1.667097,-1.436347
495,47.051874,137.938543,-1.477406,-1.693073,-1.441695
496,47.119382,137.418549,-1.474031,-1.719073,-1.447049
497,47.184117,136.898099,-1.470794,-1.745095,-1.452409
498,47.246073,136.377209,-1.467696,-1.771140,-1.457776
499,47.305244,135.855898,-1.464738,-1.797205,-1.463149
500,47.361623,135.334181,-1.461919,-1.823291,-1.468529
501,47.415204,134.812076,-1.459240,-1.849396,-1.473917
502,47.465981,134.289600,-1.456701,-1.875520,-1.479312
503,47.513945,133.766770,-1.454303,-1.901661,-1.484714
504,47.559092,133.243603,-1.452045,-1.927820,-1.490124
505,47.601415,132.720115,-1.449929,-1.953994,-1.495543
506,47.640907,132.196325,-1.447955,-1.980184,-1.500969
507,47.677561,131.672248,-1.446122,-2.006388,-1.506405
508,47.711371,131.147903,-1.444431,-2.032605,-1.511848
509,47.742331,130.623305,-1.442883,-2.058835,-1.517301
510,47.770434,130.098473,-1.441478,-2.085076,-1.522763
511,47.795673,129.573422,-1.440216,-2.111329,-1.528234
512,47.818042,129.048171,-1.439098,-2.137591,-1.533715
513,47.837535,128.522735,-1.438123,-2.163863,-1.539206
514,47.854145,127.997133,-1.437293,-2.190143,-1.544706
515,47.867864,127.471381,-1.436607,-2.216431,-1.550217
516,47.878688,126.945495,-1.436066,-2.242725,-1.555738
517,47.886609,126.419495,-1.435670,-2.269025,-1.561270
518,47.891621,125.893395,-1.435419,-2.295330,-1.566813
519,47.893717,125.367213,-1.435314,-2.321639,-1.572366
520,47.892891,124.840967,-1.435355,-2.347952,-1.577931
521,47.889136,124.314672,-1.435543,-2.374266,-1.583507
522,47.882446,123.788348,-1.435878,-2.400583,-1.589094
523,47.872814,123.262009,-1.436359,-2.426900,-1.594693
524,47.860234,122.735674,-1.436988,-2.453216,-1.600305
525,47.844699,122.209358,-1.437765,-2.479532,-1.605928
526,47.826202,121.683081,-1.438690,-2.505846,-1.611563
527,47.804738,121.156857,-1.439763,-2.532157,-1.617211
528,47.780299,120.630705,-1.440985,-2.558465,-1.622872
529,47.752879,120.104642,-1.442356,-2.584768,-1.628545
530,47.722472,119.578683,-1.443876,-2.611066,-1.634232
531,47.689071,119.052848,-1.445546,-2.637358,-1.639931
532,47.652669,118.527151,-1.447367,-2.663642,-1.645644
533,47.613260,118.001611,-1.449337,-2.689919,-1.651370
534,47.570837,117.476245,-1.451458,-2.716188,-1.657110
535,47.525395,116.951069,-1.453730,-2.742447,-1.662863
536,47.476926,116.426101,-1.456154,-2.768695,-1.668631
537,47.425423,115.901357,-1.458729,-2.794932,-1.674412
538,47.370881,115.376855,-1.461456,-2.821157,-1.680208
539,47.313293,114.852611,-1.464335,-2.847369,-1.686018
540,47.252652,114.328643,-1.467367,-2.873568,-1.691842
541,47.188952,113.804967,-1.470552,-2.899752,-1.697681
542,47.122186,113.281602,-1.473891,-2.925920,-1.703535
543,47.052348,112.758563,-1.477383,-2.952072,-1.709404
544,46.979431,112.235867,-1.481028,-2.978207,-1.715287
545,46.903428,111.713532,-1.484829,-3.004323,-1.721186
546,46.824334,111.191576,-1.488783,-3.030421,-1.727100
547,46.742141,110.670013,-1.492893,-3.056499,-1.733029
548,46.656844,110.148863,-1.497158,-3.082557,-1.738974
549,46.568435,109.628141,-1.501578,-3.108593,-1.744935
550,46.476908,109.107865,-1.506155,-3.134607,-1.750910
551,46.382257,108.588052,-1.510887,-3.160597,-1.756902
552,46.284474,108.068719,-1.515776,-3.186564,-1.762910
553,46.183554,107.549883,-1.520822,-3.212506,-1.768933
554,46.079490,107.031560,-1.526025,-3.238422,-1.774972
555,45.972276,106.513769,-1.531386,-3.264312,-1.781028
556,45.861904,105.996525,-1.536905,-3.290174,-1.787099
557,45.748369,105.479847,-1.542582,-3.316008,-1.793187
558,45.631663,104.963750,-1.548417,-3.341812,-1.799291
559,45.511781,104.448252,-1.554411,-3.367587,-1.805411
560,45.388716,103.933371,-1.560564,-3.393331,-1.811548
561,45.262461,103.419122,-1.566877,-3.419044,-1.817701
562,45.133010,102.905524,-1.573350,-3.444724,-1.823871
563,45.000356,102.392592,-1.579982,-3.470370,-1.830057
564,44.864493,101.880345,-1.586775,-3.495983,-1.836259
565,44.725413,101.368798,-1.593729,-3.521560,-1.842479
566,44.583112,100.857970,-1.600844,-3.547101,-1.848714
567,44.437582,100.347877,-1.608121,-3.572606,-1.854967
568,44.288816,99.838537,-1.615559,-3.598073,-1.861236
569,44.136809,99.329965,-1.623160,-3.623502,-1.867521
570,43.981552,98.822179,-1.630922,-3.648891,-1.873823
571,43.823042,98.315197,-1.638848,-3.674240,-1.880142
572,43.661269,97.809035,-1.646937,-3.699548,-1.886477
573,43.496229,97.303711,-1.655189,-3.724814,-1.892829
574,43.327914,96.799240,-1.663604,-3.750038,-1.899197
575,43.156318,96.295641,-1.672184,-3.775218,-1.905582
576,42.981434,95.792931,-1.680928,-3.800353,-1.911984
577,42.803256,95.291125,-1.689837,-3.825444,-1.918401
578,42.621778,94.790242,-1.698911,-3.850488,-1.924835
579,42.436993,94.290299,-1.708150,-3.875485,-1.931286
580,42.248894,93.791311,-1.717555,-3.900434,-1.937752
581,42.057474,93.293298,-1.727126,-3.925335,-1.944235
582,41.862728,92.796274,-1.736864,-3.950186,-1.950734
583,41.664649,92.300259,-1.746768,-3.974987,-1.957249
584,41.463230,91.805267,-1.756838,-3.999737,-1.963780
585,41.258465,91.311318,-1.767077,-4.024434,-1.970326
586,41.050347,90.818426,-1.777483,-4.049079,-1.976889
587,40.838869,90.326611,-1.788057,-4.073669,-1.983467
588,40.624026,89.835887,-1.798799,-4.098206,-1.990060
589,40.405810,89.346274,-1.809709,-4.122686,-1.996669
590,40.184216,88.857787,-1.820789,-4.147111,-2.003293
591,39.959236,88.370444,-1.832038,-4.171478,-2.009932
592,39.730864,87.884261,-1.843457,-4.195787,-2.016586
593,39.499093,87.399256,-1.855045,-4.220037,-2.023254
594,39.263918,86.915446,-1.866804,-4.244228,-2.029938
595,39.025331,86.432847,-1.878733,-4.268358,-2.036635
596,38.783326,85.951477,-1.890834,-4.292426,-2.043347
597,38.537896,85.471353,-1.903105,-4.316432,-2.050074
598,38.289036,84.992492,-1.915548,-4.340375,-2.056814
599,38.036737,84.514911,-1.928163,-4.364254,-2.063567
600,37.780995,84.038626,-1.940950,-4.388069,-2.070335
601,37.521802,83.563655,-1.953910,-4.411817,-2.077115
602,37.259152,83.090015,-1.967042,-4.435499,-2.083909
603,36.993038,82.617723,-1.980348,-4.459114,-2.090715
604,36.723453,82.146796,-1.993827,-4.482660,-2.097534
605,36.450392,81.677251,-2.007480,-4.506137,-2.104366
606,36.173848,81.209104,-2.021308,-4.529545,-2.111209
607,35.893814,80.742374,-2.035309,-4.552881,-2.118065
608,35.610284,80.277077,-2.049486,-4.576146,-2.124932
609,35.323251,79.813229,-2.063837,-4.599339,-2.131810
610,35.032708,79.350849,-2.078365,-4.622458,-2.138700
611,34.738649,78.889952,-2.093068,-4.645502,-2.145600
612,34.441068,78.430557,-2.107947,-4.668472,-2.152511
613,34.139959,77.972680,-2.123002,-4.691366,-2.159432
614,33.835313,77.516338,-2.138234,-4.714183,-2.166363
615,33.527126,77.061548,-2.153644,-4.736923,-2.173303
616,33.215390,76.608327,-2.169231,-4.759584,-2.180253
617,32.900099,76.156692,-2.184995,-4.782165,-2.187212
618,32.581246,75.706661,-2.200938,-4.804667,-2.194167
619,32.258833,75.258247,-2.217058,-4.827088,-2.200669
620,31.933104,74.811382,-2.233345,-4.849431,-2.206154
621,31.604619,74.365890,-2.249769,-4.871706,-2.210595
622,31.273956,73.921588,-2.266302,-4.893921,-2.213997
623,30.941693,73.478294,-2.282915,-4.916085,-2.216366
624,30.608409,73.035825,-2.299580,-4.938209,-2.217703
625,30.274683,72.593999,-2.316266,-4.960300,-2.218008
626,29.941092,72.152634,-2.332945,-4.982368,-2.217280
627,29.608216,71.711545,-2.349589,-5.004423,-2.215514
628,29.276632,71.270552,-2.366168,-5.026472,-2.212703
629,28.946919,70.829472,-2.382654,-5.048526,-2.208838
630,28.619655,70.388121,-2.399017,-5.070594,-2.203908
631,28.295420,69.946319,-2.415229,-5.092684,-2.197900
632,27.974790,69.503881,-2.431260,-5.114806,-2.190797
633,27.658345,69.060625,-2.447083,-5.136969,-2.182583
634,27.346664,68.616369,-2.462667,-5.159182,-2.173238
635,27.040324,68.170931,-2.477984,-5.181453,-2.162741
636,26.739904,67.724128,-2.493005,-5.203794,-2.151071
637,26.445983,67.275776,-2.507701,-5.226211,-2.138204
638,26.159138,66.825695,-2.522043,-5.248715,-2.124117
639,25.879949,66.373701,-2.536003,-5.271315,-2.108786
640,25.608993,65.919611,-2.549550,-5.294019,-2.092189
641,25.346849,65.463243,-2.562658,-5.316838,-2.074305
642,25.094096,65.004415,-2.575295,-5.339779,-2.055112
643,24.851312,64.542945,-2.587434,-5.362853,-2.034596
644,24.619076,64.078648,-2.599046,-5.386068,-2.012744
645,24.397965,63.611344,-2.610102,-5.409433,-1.989549
646,24.188559,63.140849,-2.620572,-5.432958,-1.965010
647,23.991435,62.666981,-2.630428,-5.456651,-1.939134
648,23.807172,62.189557,-2.639641,-5.480522,-1.911938
649,23.636349,61.708395,-2.648183,-5.504580,-1.883449
650,23.479544,61.223312,-2.656023,-5.528834,-1.853704
651,23.337336,60.734127,-2.663133,-5.553294,-1.822754
652,23.210302,60.240655,-2.669485,-5.577967,-1.790684
653,23.099013,59.742723,-2.675049,-5.602864,-1.758270
654,23.003733,59.240458,-2.679813,-5.627977,-1.726418
655,22.924332,58.734372,-2.683783,-5.653281,-1.695156
656,22.860659,58.225003,-2.686967,-5.678750,-1.664447
657,22.812558,57.712887,-2.689372,-5.704356,-1.634253
658,22.779877,57.198562,-2.691006,-5.730072,-1.604534
659,22.762462,56.682565,-2.691877,-5.755872,-1.575250
660,22.760159,56.165433,-2.691992,-5.781728,-1.546357
661,22.772814,55.647703,-2.691359,-5.807615,-1.517812
662,22.800275,55.129913,-2.689986,-5.833504,-1.489571
663,22.842387,54.612599,-2.687881,-5.859370,-1.461588
664,22.898996,54.096300,-2.685050,-5.885185,-1.433818
665,22.969950,53.581551,-2.681502,-5.910922,-1.406215
666,23.055094,53.068891,-2.677245,-5.936555,-1.378733
667,23.154276,52.558856,-2.672286,-5.962057,-1.351326
668,23.267340,52.051984,-2.666633,-5.987401,-1.323946
669,23.394135,51.548812,-2.660293,-6.012559,-1.296545
670,23.534505,51.049877,-2.653275,-6.037506,-1.269078
671,23.688298,50.555717,-2.645585,-6.062214,-1.241494
672,23.855360,50.066867,-2.637232,-6.086657,-1.213748
673,24.035537,49.583867,-2.628223,-6.110807,-1.185789
674,24.228676,49.107252,-2.618566,-6.134637,-1.157570
675,24.434623,48.637560,-2.608269,-6.158122,-1.129041
676,24.653224,48.175329,-2.597339,-6.181234,-1.100155
677,24.884326,47.721095,-2.585784,-6.203945,-1.070861
678,25.127776,47.275396,-2.573611,-6.226230,-1.041111
679,25.383419,46.838768,-2.560829,-6.248062,-1.010857
680,25.651102,46.411750,-2.547445,-6.269413,-0.980051
681,25.930672,45.994877,-2.533466,-6.290256,-0.948646
682,26.221974,45.588688,-2.518901,-6.310566,-0.916611
683,26.524854,45.193712,-2.503757,-6.330314,-0.884329
684,26.839099,44.810213,-2.488045,-6.349489,-0.852311
685,27.164430,44.438147,-2.471779,-6.368093,-0.820629
686,27.500563,44.077454,-2.454972,-6.386127,-0.789319
687,27.847216,43.728072,-2.437639,-6.403596,-0.758417
688,28.204107,43.389938,-2.419795,-6.420503,-0.727953
689,28.570951,43.062993,-2.401452,-6.436850,-0.697953
690,28.947466,42.747175,-2.382627,-6.452641,-0.668439
691,29.333368,42.442421,-2.363332,-6.467879,-0.639430
692,29.728376,42.148671,-2.343581,-6.482566,-0.610938
693,30.132205,41.865862,-2.323390,-6.496707,-0.582975
694,30.544573,41.593935,-2.302771,-6.510303,-0.555548
695,30.965197,41.332826,-2.281740,-6.523359,-0.528659
696,31.393794,41.082475,-2.260310,-6.535876,-0.502310
697,31.830080,40.842820,-2.238496,-6.547859,-0.476498
698,32.273774,40.613800,-2.216311,-6.559310,-0.451217
699,32.724591,40.395354,-2.193770,-6.570232,-0.426462
700,33.182249,40.187419,-2.170888,-6.580629,-0.402222
701,33.646465,39.989934,-2.147677,-6.590503,-0.378488
702,34.116955,39.802839,-2.124152,-6.599858,-0.355247
703,34.593437,39.626071,-2.100328,-6.608696,-0.332485
704,35.075628,39.459568,-2.076219,-6.617022,-0.310187
705,35.563245,39.303271,-2.051838,-6.624836,-0.288339
706,36.056005,39.157116,-2.027200,-6.632144,-0.266923
707,36.553624,39.021043,-2.002319,-6.638948,-0.245923
708,37.055820,38.894990,-1.977209,-6.645250,-0.225321
709,37.562310,38.778896,-1.951884,-6.651055,-0.205100
710,38.072811,38.672699,-1.926359,-6.656365,-0.185242
711,38.587039,38.576338,-1.900648,-6.661183,-0.165728
712,39.104712,38.489751,-1.874764,-6.665512,-0.146540
713,39.625547,38.412876,-1.848723,-6.669356,-0.127660
714,40.149261,38.345654,-1.822537,-6.672717,-0.109069
715,40.675570,38.288021,-1.796221,-6.675599,-0.090750
716,41.204193,38.239916,-1.769790,-6.678004,-0.072683
717,41.734844,38.201279,-1.743258,-6.679936,-0.054851
718,42.267243,38.172047,-1.716638,-6.681398,-0.037236
719,42.801105,38.152159,-1.689945,-6.682392,-0.019819
720,43.336148,38.141554,-1.663193,-6.682922,-0.002582
721,43.872089,38.140170,-1.636396,-6.682991,0.014491
722,44.408645,38.147946,-1.609568,-6.682603,0.031419
723,44.945532,38.164819,-1.582723,-6.681759,0.048219
724,45.482468,38.190730,-1.555877,-6.680463,0.064909
725,46.019169,38.225616,-1.529042,-6.678719,0.081507
726,46.555354,38.269416,-1.502232,-6.676529,0.098029
727,47.090738,38.322068,-1.475463,-6.673897,0.114494
728,47.625038,38.383511,-1.448748,-6.670824,0.130919
729,48.157973,38.453684,-1.422101,-6.667316,0.147321
730,48.689258,38.532524,-1.395537,-6.663374,0.163718
731,49.218610,38.619971,-1.369069,-6.659001,0.180127
732,49.745748,38.715963,-1.342713,-6.654202,0.196567
733,50.270387,38.820439,-1.316481,-6.648978,0.213055
734,50.792245,38.933337,-1.290388,-6.643333,0.229610
735,51.311038,39.054596,-1.264448,-6.637270,0.246250
736,51.826485,39.184154,-1.238676,-6.630792,0.262993
737,52.338300,39.321950,-1.213085,-6.623903,0.279859
738,52.846203,39.467922,-1.187690,-6.616604,0.296867
739,53.349909,39.622008,-1.162505,-6.608900,0.314035
740,53.849136,39.784149,-1.137543,-6.600793,0.331386
741,54.343600,39.954281,-1.112820,-6.592286,0.348937
742,54.833019,40.132344,-1.088349,-6.583383,0.366711
743,55.317110,40.318276,-1.064144,-6.574086,0.384729
744,55.795589,40.512015,-1.040221,-6.564399,0.403011
745,56.268174,40.713500,-1.016591,-6.554325,0.421581
746,56.734582,40.922670,-0.993271,-6.543866,0.440461
747,57.194529,41.139463,-0.970274,-6.533027,0.459673
748,57.647733,41.363818,-0.947613,-6.521809,0.479242
749,58.093911,41.595674,-0.925304,-6.510216,0.499184
750,58.532786,41.834967,-0.903361,-6.498252,0.519341
751,58.964248,42.081629,-0.881788,-6.485919,0.539523
752,59.388359,42.335578,-0.860582,-6.473221,0.559701
753,59.805189,42.596736,-0.839741,-6.460163,0.579857
754,60.214806,42.865021,-0.819260,-6.446749,0.599973
755,60.617282,43.140354,-0.799136,-6.432982,0.620030
756,61.012686,43.422655,-0.779366,-6.418867,0.640010
757,61.401087,43.711842,-0.759946,-6.404408,0.659895
758,61.782556,44.007837,-0.740872,-6.389608,0.679666
759,62.157161,44.310560,-0.722142,-6.374472,0.699309
760,62.524972,44.619928,-0.703751,-6.359004,0.718805
761,62.886060,44.935864,-0.685697,-6.343207,0.738139
762,63.240494,45.258286,-0.667975,-6.327086,0.757297
763,63.588343,45.587115,-0.650583,-6.310644,0.776263
764,63.929678,45.922270,-0.633516,-6.293886,0.795026
765,64.264568,46.263672,-0.616772,-6.276816,0.813572
766,64.593083,46.611239,-0.600346,-6.259438,0.831889
767,64.915292,46.964892,-0.584235,-6.241755,0.849967
768,65.231265,47.324551,-0.568437,-6.223772,0.867796
769,65.541072,47.690135,-0.552946,-6.205493,0.885368
770,65.844782,48.061565,-0.537761,-6.186922,0.902673
771,66.142466,48.438760,-0.522877,-6.168062,0.919705
772,66.434193,48.821640,-0.508290,-6.148918,0.936459
773,66.720032,49.210125,-0.493998,-6.129494,0.952927
774,67.000054,49.604135,-0.479997,-6.109793,0.969106
775,67.274328,50.003589,-0.466284,-6.089821,0.984992
776,67.542923,50.408408,-0.452854,-6.069580,1.000583
777,67.805910,50.818512,-0.439704,-6.049074,1.015875
778,68.063359,51.233819,-0.426832,-6.028309,1.030867
779,68.315338,51.654251,-0.414233,-6.007287,1.045558
780,68.561917,52.079727,-0.401904,-5.986014,1.059948
781,68.803167,52.510166,-0.389842,-5.964492,1.074036
782,69.039157,52.945489,-0.378042,-5.942726,1.087825
783,69.269957,53.385615,-0.366502,-5.920719,1.101314
784,69.495636,53.830465,-0.355218,-5.898477,1.114506
785,69.716264,54.279958,-0.344187,-5.876002,1.127402
786,69.931910,54.734014,-0.333404,-5.853299,1.140004
787,70.142646,55.192553,-0.322868,-5.830372,1.152317
788,70.348539,55.655494,-0.312573,-5.807225,1.164341
789,70.549660,56.122758,-0.302517,-5.783862,1.176081
790,70.746079,56.594265,-0.292696,-5.760287,1.187541
791,70.937866,57.069934,-0.283107,-5.736503,1.198723
792,71.125089,57.549684,-0.273746,-5.712516,1.209631
793,71.307819,58.033437,-0.264609,-5.688328,1.220270
794,71.486125,58.521112,-0.255694,-5.663944,1.230643
795,71.660077,59.012628,-0.246996,-5.639369,1.240754
796,71.829745,59.507906,-0.238513,-5.614605,1.250609
797,71.995199,60.006865,-0.230240,-5.589657,1.260210
798,72.156508,60.509426,-0.222175,-5.564529,1.269563
799,72.313741,61.015507,-0.214313,-5.539225,1.278671
800,72.466970,61.525030,-0.206652,-5.513749,1.287538
801,72.616262,62.037913,-0.199187,-5.488104,1.296170
802,72.761689,62.554077,-0.191916,-5.462296,1.304570
803,72.903319,63.073441,-0.184834,-5.436328,1.312743
804,73.041223,63.595926,-0.177939,-5.410204,1.320692
805,73.175470,64.121450,-0.171226,-5.383927,1.328422
806,73.306130,64.649935,-0.164694,-5.357503,1.335937
807,73.433272,65.181300,-0.158336,-5.330935,1.343241
808,73.556966,65.715464,-0.152152,-5.304227,1.350338
809,73.677283,66.252348,-0.146136,-5.277383,1.357231
810,73.794291,66.791872,-0.140285,-5.250406,1.363924
811,73.908060,67.333954,-0.134597,-5.223302,1.370422
812,74.018660,67.878516,-0.129067,-5.196074,1.376728
813,74.126161,68.425477,-0.123692,-5.168726,1.382844
814,74.230632,68.974757,-0.118468,-5.141262,1.388775
815,74.332144,69.526275,-0.113393,-5.113686,1.394524
816,74.430765,70.079952,-0.108462,-5.086002,1.400094
817,74.526566,70.635707,-0.103672,-5.058215,1.405489
818,74.619616,71.193461,-0.099019,-5.030327,1.410710
819,74.709986,71.753132,-0.094501,-5.002343,1.415762
820,74.797743,72.314642,-0.090113,-4.974268,1.420646
821,74.882959,72.877909,-0.085852,-4.946105,1.425366
822,74.965703,73.442854,-0.081715,-4.917857,1.429925
823,75.046045,74.009396,-0.077698,-4.889530,1.434324
824,75.124054,74.577456,-0.073797,-4.861127,1.438567
825,75.199801,75.146953,-0.070010,-4.832652,1.442655
826,75.273354,75.717806,-0.066332,-4.804110,1.446590
827,75.344784,76.289937,-0.062761,-4.775503,1.450376
828,75.414160,76.863265,-0.059292,-4.746837,1.454013
829,75.481552,77.437709,-0.055922,-4.718115,1.457504
830,75.547030,78.013189,-0.052649,-4.689341,1.460851
831,75.610663,78.589626,-0.049467,-4.660519,1.464055
832,75.672521,79.166939,-0.046374,-4.631653,1.467118
833,75.732674,79.745048,-0.043366,-4.602748,1.470042
834,75.791191,80.323873,-0.040440,-4.573806,1.472827
835,75.848142,80.903334,-0.037593,-4.544833,1.475476
836,75.903598,81.483350,-0.034820,-4.515833,1.477989
837,75.957627,82.063841,-0.032119,-4.486808,1.480368
838,76.010299,82.644728,-0.029485,-4.457764,1.482614
839,76.061684,83.225930,-0.026916,-4.428704,1.484727
840,76.111852,83.807366,-0.024407,-4.399632,1.486709
841,76.160872,84.388958,-0.021956,-4.370552,1.488560
842,76.208814,84.970624,-0.019559,-4.341469,1.490281
843,76.255748,85.552285,-0.017213,-4.312386,1.491873
844,76.301743,86.133859,-0.014913,-4.283307,1.493336
845,76.346870,86.715269,-0.012656,-4.254237,1.494670
846,76.391198,87.296432,-0.010440,-4.225178,1.495876
847,76.434796,87.877269,-0.008260,-4.196137,1.496954
848,76.477734,88.457700,-0.006113,-4.167115,1.497904
849,76.520083,89.037644,-0.003996,-4.138118,1.498727
850,76.561911,89.617022,-0.001904,-4.109149,1.499421
851,76.603288,90.195753,0.000164,-4.080212,1.499987
852,76.644285,90.773758,0.002214,-4.051312,1.500425
853,76.684970,91.350955,0.004248,-4.022452,1.500734
854,76.725414,91.927265,0.006271,-3.993637,1.500914
855,76.765686,92.502608,0.008284,-3.964870,1.500964
856,76.805856,93.076904,0.010293,-3.936155,1.500883
857,76.845993,93.650072,0.012300,-3.907496,1.500671
858,76.886168,94.222032,0.014308,-3.878898,1.500327
859,76.926450,94.792704,0.016322,-3.850365,1.499849
860,76.966908,95.362008,0.018345,-3.821900,1.499237
861,77.007613,95.929864,0.020381,-3.793507,1.498489
862,77.048634,96.496192,0.022432,-3.765190,1.497604
863,77.090041,97.060911,0.024502,-3.736954,1.496581
864,77.131904,97.623941,0.026595,-3.708803,1.495417
865,77.174291,98.185203,0.028715,-3.680740,1.494112
866,77.217274,98.744616,0.030864,-3.652769,1.492663
867,77.260921,99.302099,0.033046,-3.624895,1.491067
868,77.305302,99.857574,0.035265,-3.597121,1.489324
869,77.350488,100.410959,0.037524,-3.569452,1.487431
870,77.396547,100.962174,0.039827,-3.541891,1.485384
871,77.443550,101.511140,0.042177,-3.514443,1.483183
872,77.491565,102.057776,0.044578,-3.487111,1.480823
873,77.540664,102.602002,0.047033,-3.459900,1.478302
874,77.590915,103.143737,0.049546,-3.432813,1.475616
875,77.642388,103.682903,0.052119,-3.405855,1.472763
876,77.695153,104.219418,0.054758,-3.379029,1.469740
877,77.749280,104.753202,0.057464,-3.352340,1.466541
878,77.804839,105.284176,0.060242,-3.325791,1.463170
879,77.861895,105.812263,0.063095,-3.299387,1.459762
880,77.920452,106.337472,0.066023,-3.273126,1.456461
881,77.980446,106.859901,0.069022,-3.247005,1.453278
882,78.041809,107.379654,0.072090,-3.221017,1.450216
883,78.104474,107.896832,0.075224,-3.195158,1.447279
884,78.168375,108.411539,0.078419,-3.169423,1.444470
885,78.233443,108.923875,0.081672,-3.143806,1.441791
886,78.299612,109.433944,0.084981,-3.118303,1.439247
887,78.366815,109.941848,0.088341,-3.092908,1.436840
888,78.434984,110.447690,0.091749,-3.067616,1.434572
889,78.504052,110.951571,0.095203,-3.042421,1.432448
890,78.573953,111.453594,0.098698,-3.017320,1.430469
891,78.644618,111.953862,0.102231,-2.992307,1.428638
892,78.715982,112.452476,0.105799,-2.967376,1.426958
893,78.787976,112.949540,0.109399,-2.942523,1.425430
894,78.860533,113.445155,0.113027,-2.917742,1.424056
895,78.933587,113.939424,0.116679,-2.893029,1.422840
896,79.007071,114.432450,0.120354,-2.868378,1.421781
897,79.080916,114.924334,0.124046,-2.843783,1.420883
898,79.155057,115.415179,0.127753,-2.819241,1.420146
899,79.229425,115.905087,0.131471,-2.794746,1.419572
900,79.303954,116.394161,0.135198,-2.770292,1.419162
901,79.378576,116.882504,0.138929,-2.745875,1.418916
902,79.453225,117.370216,0.142661,-2.721489,1.418836
903,79.527833,117.857402,0.146392,-2.697130,1.418922
904,79.602332,118.344163,0.150117,-2.672792,1.419175
905,79.676657,118.830601,0.153833,-2.648470,1.419594
906,79.750740,119.316819,0.157537,-2.624159,1.420180
907,79.824513,119.802920,0.161226,-2.599854,1.420933
908,79.897910,120.289005,0.164895,-2.575550,1.421852
909,79.970863,120.775177,0.168543,-2.551241,1.422936
910,80.043305,121.261539,0.172165,-2.526923,1.424186
911,80.115169,121.748193,0.175758,-2.502590,1.425600
912,80.186388,122.235240,0.179319,-2.478238,1.427176
913,80.256895,122.722784,0.182845,-2.453861,1.428914
914,80.326622,123.210927,0.186331,-2.429454,1.430813
915,80.395502,123.699772,0.189775,-2.405011,1.432870
916,80.463469,124.189419,0.193173,-2.380529,1.435084
917,80.530455,124.679973,0.196523,-2.356001,1.437453
918,80.596393,125.171535,0.199820,-2.331423,1.439974
919,80.661216,125.664208,0.203061,-2.306790,1.442646
920,80.724856,126.158094,0.206243,-2.282095,1.445466
921,80.787247,126.653295,0.209362,-2.257335,1.448431
922,80.848321,127.149914,0.212416,-2.232504,1.451538
923,80.908011,127.648054,0.215401,-2.207597,1.454785
924,80.966251,128.147815,0.218313,-2.182609,1.458169
925,81.022972,128.649302,0.221149,-2.157535,1.461685
926,81.078108,129.152616,0.223905,-2.132369,1.465332
927,81.131592,129.657860,0.226580,-2.107107,1.469105
928,81.183356,130.165135,0.229168,-2.081743,1.473001
929,81.233333,130.674545,0.231667,-2.056273,1.477016
930,81.281456,131.186192,0.234073,-2.030690,1.481147
931,81.327659,131.700177,0.236383,-2.004991,1.485389
932,81.371873,132.216605,0.238594,-1.979170,1.489739
933,81.414032,132.735576,0.240702,-1.953221,1.494192
934,81.454069,133.257193,0.242703,-1.927140,1.498745
935,81.491916,133.781559,0.244596,-1.900922,1.503393
936,81.527506,134.308775,0.246375,-1.874561,1.508119
937,81.560779,134.838940,0.248039,-1.848053,1.512587
938,81.591844,135.372014,0.249592,-1.821399,1.516454
939,81.620989,135.907816,0.251049,-1.794609,1.519717
940,81.648511,136.446160,0.252426,-1.767692,1.522387
941,81.674706,136.986856,0.253735,-1.740657,1.524474
942,81.699871,137.529718,0.254994,-1.713514,1.525987
943,81.724301,138.074558,0.256215,-1.686272,1.526933
944,81.748294,138.621188,0.257415,-1.658941,1.527318
945,81.772145,139.169420,0.258607,-1.631529,1.527148
946,81.796151,139.719066,0.259808,-1.604047,1.526427
947,81.820610,140.269940,0.261030,-1.576503,1.525158
948,81.845816,140.821853,0.262291,-1.548907,1.523342
949,81.872066,141.374618,0.263603,-1.521269,1.520982
950,81.899658,141.928047,0.264983,-1.493598,1.518077
951,81.928887,142.481952,0.266444,-1.465902,1.514625
952,81.960049,143.036145,0.268002,-1.438193,1.510625
953,81.993442,143.590440,0.269672,-1.410478,1.506075
954,82.029361,144.144647,0.271468,-1.382768,1.500970
955,82.068103,144.698580,0.273405,-1.355071,1.495305
956,82.109965,145.252051,0.275498,-1.327397,1.489076
957,82.155243,145.804872,0.277762,-1.299756,1.482276
958,82.204233,146.356855,0.280212,-1.272157,1.474898
959,82.257232,146.907813,0.282862,-1.244609,1.466934
960,82.314536,147.457558,0.285727,-1.217122,1.458377
961,82.376441,148.005903,0.288822,-1.189705,1.449217
962,82.443245,148.552659,0.292162,-1.162367,1.439446
963,82.515243,149.097639,0.295762,-1.135118,1.429052
964,82.592732,149.640655,0.299637,-1.107967,1.418027
965,82.676008,150.181520,0.303800,-1.080924,1.406360
966,82.765368,150.720046,0.308268,-1.053998,1.394040
967,82.861108,151.256045,0.313055,-1.027198,1.381058
968,82.963525,151.789330,0.318176,-1.000534,1.367401
969,83.072915,152.319712,0.323646,-0.974014,1.353062
970,83.189574,152.847005,0.329479,-0.947650,1.338029
971,83.313799,153.371020,0.335690,-0.921449,1.322295
972,83.445887,153.891570,0.342294,-0.895422,1.305851
973,83.586133,154.408466,0.349307,-0.869577,1.288691
974,83.734834,154.921523,0.356742,-0.843924,1.270810
975,83.892287,155.430551,0.364614,-0.818472,1.252204
976,84.058789,155.935363,0.372939,-0.793232,1.232871
977,84.234634,156.435771,0.381732,-0.768211,1.212812
978,84.420121,156.931588,0.391006,-0.743421,1.192032
979,84.615544,157.422626,0.400777,-0.718869,1.170535
980,84.821202,157.908697,0.411060,-0.694565,1.148331
981,85.037390,158.389614,0.421869,-0.670519,1.125434
982,85.264404,158.865188,0.433220,-0.646741,1.101861
983,85.502542,159.335233,0.445127,-0.623238,1.077632
984,85.752099,159.799560,0.457605,-0.600022,1.052773
985,86.013371,160.257982,0.470669,-0.577101,1.027314
986,86.286657,160.710311,0.484333,-0.554484,1.001288
987,86.572250,161.156360,0.498613,-0.532182,0.974734
988,86.870450,161.595940,0.513522,-0.510203,0.947694
989,87.181550,162.028865,0.529078,-0.488557,0.920216
990,87.505849,162.454946,0.545292,-0.467253,0.892350
991,87.843642,162.873995,0.562182,-0.446300,0.864152
992,88.195227,163.285825,0.579761,-0.425709,0.835677
993,88.560898,163.690249,0.598045,-0.405488,0.806986
994,88.940953,164.087078,0.617048,-0.385646,0.778141
995,89.335689,164.476126,0.636784,-0.366194,0.749204
996,89.745401,164.857203,0.657270,-0.347140,0.720238
997,90.170386,165.230123,0.678519,-0.328494,0.691307
998,90.610941,165.594698,0.700547,-0.310265,0.805843
999,91.000000,166.000000,0.720000,-0.290000,0.805843
