index,grid_x,grid_y,world_x,world_y
0,90,171,0.670000,-0.040000
1,90,172,0.670000,0.010000
2,90,173,0.670000,0.060000
3,90,174,0.670000,0.110000
4,90,175,0.670000,0.160000
5,90,176,0.670000,0.210000
6,90,177,0.670000,0.260000
7,90,178,0.670000,0.310000
8,90,179,0.670000,0.360000
9,90,180,0.670000,0.410000
10,90,181,0.670000,0.460000
11,90,182,0.670000,0.510000
12,90,183,0.670000,0.560000
13,90,184,0.670000,0.610000
14,90,185,0.670000,0.660000
15,90,186,0.670000,0.710000
16,90,187,0.670000,0.760000
17,90,188,0.670000,0.810000
18,90,189,0.670000,0.860000
19,90,190,0.670000,0.910000
20,90,191,0.670000,0.960000
21,90,192,0.670000,1.010000
22,90,193,0.670000,1.060000
23,90,194,0.670000,1.110000
24,90,195,0.670000,1.160000
25,90,196,0.670000,1.210000
26,90,197,0.670000,1.260000
27,90,198,0.670000,1.310000
28,90,199,0.670000,1.360000
29,90,200,0.670000,1.410000
30,90,201,0.670000,1.460000
31,90,202,0.670000,1.510000
32,90,203,0.670000,1.560000
33,90,204,0.670000,1.610000
34,90,205,0.670000,1.660000
35,90,206,0.670000,1.710000
36,90,207,0.670000,1.760000
37,90,208,0.670000,1.810000
38,90,209,0.670000,1.860000
39,90,210,0.670000,1.910000
40,90,211,0.670000,1.960000
41,90,212,0.670000,2.010000
42,90,213,0.670000,2.060000
43,90,214,0.670000,2.110000
44,90,215,0.670000,2.160000
45,90,216,0.670000,2.210000
46,90,217,0.670000,2.260000
47,90,218,0.670000,2.310000
48,90,219,0.670000,2.360000
49,90,220,0.670000,2.410000
50,90,221,0.670000,2.460000
51,90,222,0.670000,2.510000
52,90,223,0.670000,2.560000
53,90,224,0.670000,2.610000
54,90,225,0.670000,2.660000
55,90,226,0.670000,2.710000
56,90,227,0.670000,2.760000
57,90,228,0.670000,2.810000
58,90,229,0.670000,2.860000
59,90,230,0.670000,2.910000
60,90,231,0.670000,2.960000
61,90,232,0.670000,3.010000
62,90,233,0.670000,3.060000
63,90,234,0.670000,3.110000
64,90,235,0.670000,3.160000
65,90,236,0.670000,3.210000
66,90,237,0.670000,3.260000
67,90,238,0.670000,3.310000
68,90,239,0.670000,3.360000
69,90,240,0.670000,3.410000
70,90,241,0.670000,3.460000
71,90,242,0.670000,3.510000
72,90,243,0.670000,3.560000
73,90,244,0.670000,3.610000
74,90,245,0.670000,3.660000
75,90,246,0.670000,3.710000
76,90,247,0.670000,3.760000
77,89,248,0.620000,3.810000
78,88,249,0.570000,3.860000
79,87,250,0.520000,3.910000
80,86,251,0.470000,3.960000
81,85,252,0.420000,4.010000
82,84,253,0.370000,4.060000
83,83,254,0.320000,4.110000
84,82,255,0.270000,4.160000
85,81,256,0.220000,4.210000
86,80,257,0.170000,4.260000
87,79,258,0.120000,4.310000
88,78,259,0.070000,4.360000
89,77,260,0.020000,4.410000
90,76,261,-0.030000,4.460000
91,75,262,-0.080000,4.510000
92,74,263,-0.130000,4.560000
93,73,263,-0.180000,4.560000
94,72,264,-0.230000,4.610000
95,71,265,-0.280000,4.660000
96,70,266,-0.330000,4.710000
97,69,267,-0.380000,4.760000
98,68,268,-0.430000,4.810000
99,67,268,-0.480000,4.810000
100,66,269,-0.530000,4.860000
101,65,269,-0.580000,4.860000
102,64,269,-0.630000,4.860000
103,63,270,-0.680000,4.910000
104,62,270,-0.730000,4.910000
105,61,270,-0.780000,4.910000
106,60,270,-0.830000,4.910000
107,59,270,-0.880000,4.910000
108,58,270,-0.930000,4.910000
109,57,270,-0.980000,4.910000
110,56,270,-1.030000,4.910000
111,55,270,-1.080000,4.910000
112,54,270,-1.130000,4.910000
113,53,270,-1.180000,4.910000
114,52,270,-1.230000,4.910000
115,51,270,-1.280000,4.910000
116,50,270,-1.330000,4.910000
117,49,270,-1.380000,4.910000
118,48,270,-1.430000,4.910000
119,47,270,-1.480000,4.910000
120,46,270,-1.530000,4.910000
121,45,270,-1.580000,4.910000
122,44,269,-1.630000,4.860000
123,43,268,-1.680000,4.810000
124,42,267,-1.730000,4.760000
125,41,266,-1.780000,4.710000
126,40,265,-1.830000,4.660000
127,39,264,-1.880000,4.610000
128,38,263,-1.930000,4.560000
129,37,262,-1.980000,4.510000
130,36,261,-2.030000,4.460000
131,35,260,-2.080000,4.410000
132,34,259,-2.130000,4.360000
133,34,258,-2.130000,4.310000
134,33,257,-2.180000,4.260000
135,33,256,-2.180000,4.210000
136,32,255,-2.230000,4.160000
137,31,254,-2.280000,4.110000
138,31,253,-2.280000,4.060000
139,31,252,-2.280000,4.010000
140,30,251,-2.330000,3.960000
141,30,250,-2.330000,3.910000
142,30,249,-2.330000,3.860000
143,30,248,-2.330000,3.810000
144,30,247,-2.330000,3.760000
145,30,246,-2.330000,3.710000
146,30,245,-2.330000,3.660000
147,30,244,-2.330000,3.610000
148,30,243,-2.330000,3.560000
149,30,242,-2.330000,3.510000
150,30,241,-2.330000,3.460000
151,30,240,-2.330000,3.410000
152,30,239,-2.330000,3.360000
153,30,238,-2.330000,3.310000
154,30,237,-2.330000,3.260000
155,30,236,-2.330000,3.210000
156,30,235,-2.330000,3.160000
157,30,234,-2.330000,3.110000
158,30,233,-2.330000,3.060000
159,30,232,-2.330000,3.010000
160,30,231,-2.330000,2.960000
161,30,230,-2.330000,2.910000
162,30,229,-2.330000,2.860000
163,30,228,-2.330000,2.810000
164,30,227,-2.330000,2.760000
165,30,226,-2.330000,2.710000
166,30,225,-2.330000,2.660000
167,30,224,-2.330000,2.610000
168,30,223,-2.330000,2.560000
169,30,222,-2.330000,2.510000
170,30,221,-2.330000,2.460000
171,30,220,-2.330000,2.410000
172,30,219,-2.330000,2.360000
173,30,218,-2.330000,2.310000
174,30,217,-2.330000,2.260000
175,30,216,-2.330000,2.210000
176,30,215,-2.330000,2.160000
177,30,214,-2.330000,2.110000
178,30,213,-2.330000,2.060000
179,30,212,-2.330000,2.010000
180,30,211,-2.330000,1.960000
181,30,210,-2.330000,1.910000
182,30,209,-2.330000,1.860000
183,30,208,-2.330000,1.810000
184,30,207,-2.330000,1.760000
185,30,206,-2.330000,1.710000
186,30,205,-2.330000,1.660000
187,30,204,-2.330000,1.610000
188,30,203,-2.330000,1.560000
189,30,202,-2.330000,1.510000
190,30,201,-2.330000,1.460000
191,30,200,-2.330000,1.410000
192,30,199,-2.330000,1.360000
193,30,198,-2.330000,1.310000
194,30,197,-2.330000,1.260000
195,30,196,-2.330000,1.210000
196,30,195,-2.330000,1.160000
197,30,194,-2.330000,1.110000
198,30,193,-2.330000,1.060000
199,30,192,-2.330000,1.010000
200,30,191,-2.330000,0.960000
201,31,190,-2.280000,0.910000
202,31,189,-2.280000,0.860000
203,31,188,-2.280000,0.810000
204,32,187,-2.230000,0.760000
205,32,186,-2.230000,0.710000
206,32,185,-2.230000,0.660000
207,33,184,-2.180000,0.610000
208,33,183,-2.180000,0.560000
209,34,182,-2.130000,0.510000
210,34,181,-2.130000,0.460000
211,34,180,-2.130000,0.410000
212,35,179,-2.080000,0.360000
213,35,178,-2.080000,0.310000
214,35,177,-2.080000,0.260000
215,36,176,-2.030000,0.210000
216,36,175,-2.030000,0.160000
217,36,174,-2.030000,0.110000
218,37,173,-1.980000,0.060000
219,37,172,-1.980000,0.010000
220,38,171,-1.930000,-0.040000
221,38,170,-1.930000,-0.090000
222,39,169,-1.880000,-0.140000
223,39,168,-1.880000,-0.190000
224,39,167,-1.880000,-0.240000
225,40,166,-1.830000,-0.290000
226,40,165,-1.830000,-0.340000
227,41,164,-1.780000,-0.390000
228,41,163,-1.780000,-0.440000
229,41,162,-1.780000,-0.490000
230,42,161,-1.730000,-0.540000
231,42,160,-1.730000,-0.590000
232,43,159,-1.680000,-0.640000
233,43,158,-1.680000,-0.690000
234,43,157,-1.680000,-0.740000
235,44,156,-1.630000,-0.790000
236,44,155,-1.630000,-0.840000
237,44,154,-1.630000,-0.890000
238,45,153,-1.580000,-0.940000
239,45,152,-1.580000,-0.990000
240,45,151,-1.580000,-1.040000
241,45,150,-1.580000,-1.090000
242,46,149,-1.530000,-1.140000
243,46,148,-1.530000,-1.190000
244,46,147,-1.530000,-1.240000
245,46,146,-1.530000,-1.290000
246,47,145,-1.480000,-1.340000
247,47,144,-1.480000,-1.390000
248,47,143,-1.480000,-1.440000
249,47,142,-1.480000,-1.490000
250,47,141,-1.480000,-1.540000
251,47,140,-1.480000,-1.590000
252,47,139,-1.480000,-1.640000
253,47,138,-1.480000,-1.690000
254,47,137,-1.480000,-1.740000
255,47,136,-1.480000,-1.790000
256,47,135,-1.480000,-1.840000
257,47,134,-1.480000,-1.890000
258,47,133,-1.480000,-1.940000
259,47,132,-1.480000,-1.990000
260,47,131,-1.480000,-2.040000
261,47,130,-1.480000,-2.090000
262,47,129,-1.480000,-2.140000
263,47,128,-1.480000,-2.190000
264,47,127,-1.480000,-2.240000
265,47,126,-1.480000,-2.290000
266,47,125,-1.480000,-2.340000
267,47,124,-1.480000,-2.390000
268,47,123,-1.480000,-2.440000
269,47,122,-1.480000,-2.490000
270,47,121,-1.480000,-2.540000
271,47,120,-1.480000,-2.590000
272,47,119,-1.480000,-2.640000
273,47,118,-1.480000,-2.690000
274,47,117,-1.480000,-2.740000
275,47,116,-1.480000,-2.790000
276,47,115,-1.480000,-2.840000
277,47,114,-1.480000,-2.890000
278,47,113,-1.480000,-2.940000
279,47,112,-1.480000,-2.990000
280,47,111,-1.480000,-3.040000
281,47,110,-1.480000,-3.090000
282,47,109,-1.480000,-3.140000
283,47,108,-1.480000,-3.190000
284,47,107,-1.480000,-3.240000
285,47,106,-1.480000,-3.290000
286,47,105,-1.480000,-3.340000
287,47,104,-1.480000,-3.390000
288,47,103,-1.480000,-3.440000
289,47,102,-1.480000,-3.490000
290,47,101,-1.480000,-3.540000
291,47,100,-1.480000,-3.590000
292,47,99,-1.480000,-3.640000
293,47,98,-1.480000,-3.690000
294,47,97,-1.480000,-3.740000
295,47,96,-1.480000,-3.790000
296,47,95,-1.480000,-3.840000
297,46,94,-1.530000,-3.890000
298,46,93,-1.530000,-3.940000
299,45,92,-1.580000,-3.990000
300,44,91,-1.630000,-4.040000
301,43,90,-1.680000,-4.090000
302,42,89,-1.730000,-4.140000
303,41,88,-1.780000,-4.190000
304,40,87,-1.830000,-4.240000
305,39,86,-1.880000,-4.290000
306,38,85,-1.930000,-4.340000
307,37,84,-1.980000,-4.390000
308,36,83,-2.030000,-4.440000
309,35,82,-2.080000,-4.490000
310,34,81,-2.130000,-4.540000
311,33,80,-2.180000,-4.590000
312,32,79,-2.230000,-4.640000
313,31,78,-2.280000,-4.690000
314,30,77,-2.330000,-4.740000
315,29,76,-2.380000,-4.790000
316,29,75,-2.380000,-4.840000
317,28,74,-2.430000,-4.890000
318,27,73,-2.480000,-4.940000
319,27,72,-2.480000,-4.990000
320,26,71,-2.530000,-5.040000
321,25,70,-2.580000,-5.090000
322,24,69,-2.630000,-5.140000
323,24,68,-2.630000,-5.190000
324,23,67,-2.680000,-5.240000
325,23,66,-2.680000,-5.290000
326,23,65,-2.680000,-5.340000
327,23,64,-2.680000,-5.390000
328,23,63,-2.680000,-5.440000
329,23,62,-2.680000,-5.490000
330,23,61,-2.680000,-5.540000
331,23,60,-2.680000,-5.590000
332,23,59,-2.680000,-5.640000
333,23,58,-2.680000,-5.690000
334,23,57,-2.680000,-5.740000
335,23,56,-2.680000,-5.790000
336,23,55,-2.680000,-5.840000
337,23,54,-2.680000,-5.890000
338,23,53,-2.680000,-5.940000
339,23,52,-2.680000,-5.990000
340,23,51,-2.680000,-6.040000
341,23,50,-2.680000,-6.090000
342,24,49,-2.630000,-6.140000
343,25,48,-2.580000,-6.190000
344,26,47,-2.530000,-6.240000
345,27,46,-2.480000,-6.290000
346,28,45,-2.430000,-6.340000
347,29,44,-2.380000,-6.390000
348,30,43,-2.330000,-6.440000
349,31,42,-2.280000,-6.490000
350,32,41,-2.230000,-6.540000
351,33,40,-2.180000,-6.590000
352,34,40,-2.130000,-6.590000
353,35,39,-2.080000,-6.640000
354,36,39,-2.030000,-6.640000
355,37,38,-1.980000,-6.690000
356,38,38,-1.930000,-6.690000
357,39,37,-1.880000,-6.740000
358,40,37,-1.830000,-6.740000
359,41,37,-1.780000,-6.740000
360,42,36,-1.730000,-6.790000
361,43,36,-1.680000,-6.790000
362,44,36,-1.630000,-6.790000
363,45,36,-1.580000,-6.790000
364,46,36,-1.530000,-6.790000
365,47,36,-1.480000,-6.790000
366,48,36,-1.430000,-6.790000
367,49,36,-1.380000,-6.790000
368,50,36,-1.330000,-6.790000
369,51,36,-1.280000,-6.790000
370,52,36,-1.230000,-6.790000
371,53,36,-1.180000,-6.790000
372,54,37,-1.130000,-6.740000
373,55,38,-1.080000,-6.690000
374,56,39,-1.030000,-6.640000
375,57,40,-0.980000,-6.590000
376,58,41,-0.930000,-6.540000
377,59,42,-0.880000,-6.490000
378,60,43,-0.830000,-6.440000
379,61,44,-0.780000,-6.390000
380,62,45,-0.730000,-6.340000
381,63,46,-0.680000,-6.290000
382,64,47,-0.630000,-6.240000
383,65,48,-0.580000,-6.190000
384,66,49,-0.530000,-6.140000
385,67,50,-0.480000,-6.090000
386,67,51,-0.480000,-6.040000
387,68,52,-0.430000,-5.990000
388,68,53,-0.430000,-5.940000
389,69,54,-0.380000,-5.890000
390,70,55,-0.330000,-5.840000
391,70,56,-0.330000,-5.790000
392,71,57,-0.280000,-5.740000
393,71,58,-0.280000,-5.690000
394,71,59,-0.280000,-5.640000
395,72,60,-0.230000,-5.590000
396,72,61,-0.230000,-5.540000
397,72,62,-0.230000,-5.490000
398,73,63,-0.180000,-5.440000
399,73,64,-0.180000,-5.390000
400,73,65,-0.180000,-5.340000
401,73,66,-0.180000,-5.290000
402,73,67,-0.180000,-5.240000
403,73,68,-0.180000,-5.190000
404,73,69,-0.180000,-5.140000
405,73,70,-0.180000,-5.090000
406,73,71,-0.180000,-5.040000
407,73,72,-0.180000,-4.990000
408,74,73,-0.130000,-4.940000
409,74,74,-0.130000,-4.890000
410,74,75,-0.130000,-4.840000
411,75,76,-0.080000,-4.790000
412,75,77,-0.080000,-4.740000
413,75,78,-0.080000,-4.690000
414,75,79,-0.080000,-4.640000
415,75,80,-0.080000,-4.590000
416,75,81,-0.080000,-4.540000
417,76,82,-0.030000,-4.490000
418,76,83,-0.030000,-4.440000
419,76,84,-0.030000,-4.390000
420,76,85,-0.030000,-4.340000
421,76,86,-0.030000,-4.290000
422,76,87,-0.030000,-4.240000
423,76,88,-0.030000,-4.190000
424,76,89,-0.030000,-4.140000
425,77,90,0.020000,-4.090000
426,77,91,0.020000,-4.040000
427,77,92,0.020000,-3.990000
428,77,93,0.020000,-3.940000
429,77,94,0.020000,-3.890000
430,77,95,0.020000,-3.840000
431,77,96,0.020000,-3.790000
432,77,97,0.020000,-3.740000
433,77,98,0.020000,-3.690000
434,78,99,0.070000,-3.640000
435,78,100,0.070000,-3.590000
436,78,101,0.070000,-3.540000
437,78,102,0.070000,-3.490000
438,78,103,0.070000,-3.440000
439,79,104,0.120000,-3.390000
440,79,105,0.120000,-3.340000
441,79,106,0.120000,-3.290000
442,79,107,0.120000,-3.240000
443,79,108,0.120000,-3.190000
444,79,109,0.120000,-3.140000
445,79,110,0.120000,-3.090000
446,79,111,0.120000,-3.040000
447,79,112,0.120000,-2.990000
448,79,113,0.120000,-2.940000
449,79,114,0.120000,-2.890000
450,79,115,0.120000,-2.840000
451,79,116,0.120000,-2.790000
452,79,117,0.120000,-2.740000
453,79,118,0.120000,-2.690000
454,79,119,0.120000,-2.640000
455,79,120,0.120000,-2.590000
456,79,121,0.120000,-2.540000
457,80,122,0.170000,-2.490000
458,80,123,0.170000,-2.440000
459,81,124,0.220000,-2.390000
460,81,125,0.220000,-2.340000
461,81,126,0.220000,-2.290000
462,81,127,0.220000,-2.240000
463,81,128,0.220000,-2.190000
464,81,129,0.220000,-2.140000
465,81,130,0.220000,-2.090000
466,82,131,0.270000,-2.040000
467,82,132,0.270000,-1.990000
468,82,133,0.270000,-1.940000
469,82,134,0.270000,-1.890000
470,82,135,0.270000,-1.840000
471,82,136,0.270000,-1.790000
472,82,137,0.270000,-1.740000
473,82,138,0.270000,-1.690000
474,82,139,0.270000,-1.640000
475,82,140,0.270000,-1.590000
476,82,141,0.270000,-1.540000
477,82,142,0.270000,-1.490000
478,82,143,0.270000,-1.440000
479,82,144,0.270000,-1.390000
480,82,145,0.270000,-1.340000
481,82,146,0.270000,-1.290000
482,82,147,0.270000,-1.240000
483,83,148,0.320000,-1.190000
484,83,149,0.320000,-1.140000
485,83,150,0.320000,-1.090000
486,83,151,0.320000,-1.040000
487,83,152,0.320000,-0.990000
488,83,153,0.320000,-0.940000
489,84,154,0.370000,-0.890000
490,84,155,0.370000,-0.840000
491,84,156,0.370000,-0.790000
492,84,157,0.370000,-0.740000
493,84,158,0.370000,-0.690000
494,84,159,0.370000,-0.640000
495,85,160,0.420000,-0.590000
496,86,161,0.470000,-0.540000
497,87,162,0.520000,-0.490000
498,88,163,0.570000,-0.440000
499,89,164,0.620000,-0.390000
500,90,165,0.670000,-0.340000
501,91,166,0.720000,-0.290000
